Source,RSTAR_dr2,RA_S,DEC_S,PLX_S,PLX_ERR_S,FLUX_U_S,FLUX_ERR_U_S,FLUX_B_S,FLUX_ERR_B_S,FLUX_V_S,FLUX_ERR_V_S,FLUX_R_S,FLUX_ERR_R_S,FLUX_G_S,FLUX_ERR_G_S,FLUX_I_S,FLUX_ERR_I_S,FLUX_J_S,FLUX_ERR_J_S,FLUX_H_S,FLUX_ERR_H_S,FLUX_K_S,FLUX_ERR_K_S,DIA_S,DIA_UNIT_S,DIST_S,DIST_UNIT_S,SOURCE_ID_2,RA_dr2,DEC_dr2,PLX_dr2,PLX_ERR_dr2,TEFF_dr2,TEFF_NEG_dr2,TEFF_POS_dr2,RSTAR_NEG_dr2,RSTAR_POS_dr2,LSTAR_dr2,LSTAR_NEG_dr2,LSTAR_POS_dr2,PLX_WAVG,PLX_ERR_WAVG
TIC159304532,0.99754226,290.2633077362,44.5564439203,0.8039,0.0235,3630.7805477010033,3630.7805477010033,3630.7805477010033,3630.7805477010033,3630.7805477010033,3630.7805477010033,3630.7805477010033,3630.7805477010033,0.002602832634351305,3621.4992534598414,3630.7805477010033,3630.7805477010033,0.0071713369430617575,3557.951305988067,0.00954992753788148,3531.8317001008236,0.010568173606899678,3499.4516731652516,,,1243.936,pc,Gaia DR2 2126985280924750720,290.2632874178082,44.55640514091842,0.7784953533237192,0.029511708671062266,5601.0,5469.0,6004.1675,0.8680742,0.8680742,0.88230675,0.8008244,0.8008244,0.7940420708500365,0.018383602533838746
